Cols retained,pearson_r,mse
10000,nan,1.0327558517456055
1000,nan,1.0327558517456055
100,nan,1.0327558517456055
