Cols retained,pearson_r,mse
10000,0.537651346621809,5.032384395599365
1000,0.049289227333513506,76777912.0
100,0.043115832022372146,18495874.0
